qid,query
10,unbox iphone 13
9,upcoming new device in apple
8,best camera in sony
7,best robotic device company
6,first look on DJI
5,computer with best processor
4,screen size of ipad pro
3,latest version of kindle
2,comparision between samsung phone and ld phone
1,ps4 or ps5
20,ps5 or switch
19,price of newest version gopro
18,iphone 13 or iphone 13 pro
17,Nokia best devices
16,functionality test on iphone 13
15,unbox xbox
14,ipad unbxing
13,dell computer comparision
12,best monitor branch
11,phone with wireless charge
